{
    "map": [
        ["0","0","0","0","0","0","0","0","0","0","0","0","0","0","0"],
        ["0","0","0","0","0","0","0","0","0","0","0","0","0","0","0"],
        ["0","0","0","S","0","0","0","0","0","0","0","0","0","0","0"],
        ["0","0","1","p","1","1","1","1","1","1","1","1","1","0","0"],
        ["0","0","1","p","1","p","p","p","p","p","p","p","1","0","0"],
        ["0","0","1","p","p","p","1","1","1","1","1","p","1","0","0"],
        ["0","0","1","1","1","1","1","1","1","p","p","p","1","0","0"],
        ["0","0","0","0","0","0","1","p","p","p","1","1","1","0","0"],
        ["0","0","0","0","0","0","0","D","1","1","1","0","0","0","0"],
        ["0","0","0","0","0","0","0","0","0","0","0","0","0","0","0"]
    ],
    "_comment1": "The map is a 2D array of strings. Each string represents a tile on the map. The strings are as follows: '0' is a path, '1' is where player can place tower, 'S' is the spawn point for enemies, 'D' is the destination point for enemies, and 'p' is the path that enemies walk.",
    "_comment2": "For each set of points given below, the first coordinate is the x-coordinate and the second is the y-coordinate. The x-coordinate is horizontal, and the y-coordinate is vertical.",
    "player": {
        "position": [8, 9],
        "health": 15,
        "money": 1500
    },
    "enemies": {
        "spawnPoints": [4, 3],
        "types":[
            0,0,0,0,0,0,0,0,0,1,
            1,1,2,1,2,1,0,0,0,0,
            0,1,2,2,3,2,1,2,0,0,
            0,0,0,0,0,1,1,3,3,2,
            2,1,1,1,3,1,3,2,1,1,
            0,0,0,0,0,0,0,0,0,2,
            2,1,3,1,2,2,0,2,3,2,
            2,3,0,2,1,1,1,1,3,1,
            1,0,3,1,1,1,1,0,0,-1
        ],
        "paths":[[4, 3],[4, 6],[6, 6],[6, 5],[12, 5],[12, 7],[10, 7],[10, 8],[8, 8],[8, 9]]
    },
    "obstacles": [
        {"type": "tree", "position": [14, 5]},
        {"type": "tree", "position": [7, 3]},
        {"type": "tree", "position": [4, 8]},
        {"type": "stone", "position": [9, 6]},
        {"type": "stone", "position": [7, 9]},
        {"type": "stone", "position": [14, 7]},
        {"type":"iceburg", "position":[2, 7]},
        {"type":"iceburg", "position":[11, 3]},
        {"type":"iceburg", "position":[12, 9]}
    ]
}