{
    "map": [
        ["0","0","0","0","0","0","0","0","0","0","0","0","0","0","0"],
        ["0","0","0","0","0","0","0","0","0","0","0","0","0","0","0"],
        ["0","0","S","0","0","0","0","0","0","0","0","0","0","0","0"],
        ["0","1","p","1","0","1","1","1","1","1","1","0","0","0","0"],
        ["0","1","p","1","1","1","p","p","p","p","1","1","1","1","0"],
        ["0","1","p","p","1","1","p","1","1","p","p","p","p","1","0"],
        ["0","1","1","p","1","1","p","1","1","1","1","1","p","1","0"],
        ["0","0","1","p","p","p","p","1","0","0","0","0","D","0","0"],
        ["0","0","1","1","1","1","1","1","0","0","0","0","0","0","0"],
        ["0","0","0","0","0","0","0","0","0","0","0","0","0","0","0"]
    ],
    "player": {
        "position": [13, 8],
        "health": 6,
        "money": 1700
    },
    "enemies": {
        "spawnPoints": [3, 3],
        "types":[
            0,0,0,0,0,0,1,1,1,1,
            1,3,3,1,3,3,1,1,0,0,
            0,0,1,1,3,4,1,1,1,3,
            3,1,1,1,3,4,3,1,1,1,
            0,0,0,0,0,0,0,0,0,4,
            1,1,1,3,1,1,0,4,1,1,
            3,1,1,4,1,3,0,0,0,0,
            1,1,1,3,1,0,0,0,0,4,
            3,3,1,1,1,4,1,3,1,3,
            1,1,3,0,0,4,1,1,5,4,
            3,3,1,1,1,1,1,0,0,-1
        ],
        "paths":[[3, 3], [3, 6], [4, 6], [4, 8], [7, 8], [7, 5], [10, 5], [10, 6], [13, 6], [13, 8]]
    },
    "obstacles": [
        {"type": "lake", "position": [2, 8]},
        {"type": "lake", "position": [6, 7]},
        {"type": "lake", "position": [8, 3]},
        {"type": "stable", "position": [5, 4]},
        {"type": "stable", "position": [11, 8]},
        {"type": "stable", "position": [12, 4]},
        {"type":"cabin", "position":[9, 6]},
        {"type":"cabin", "position":[5, 10]},
        {"type":"cabin", "position":[15, 6]}
    ]
}