{
    "map": [
        ["0","0","0","0","0","0","0","0","0","0","0","0","0","0","0"],
        ["0","0","0","1","1","1","1","0","0","0","0","0","0","0","0"],
        ["0","0","1","p","p","p","p","1","1","1","1","1","1","0","0"],
        ["0","0","1","p","1","0","p","1","p","p","p","p","p","1","0"],
        ["0","0","1","p","1","0","S","0","p","1","1","0","p","1","0"],
        ["0","0","1","p","0","1","0","1","p","1","D","p","p","1","0"],
        ["0","0","1","p","p","p","p","1","p","1","0","1","1","0","0"],
        ["0","0","0","1","1","1","p","0","p","1","0","0","0","0","0"],
        ["0","0","0","0","0","1","p","p","p","1","0","0","0","0","0"],
        ["0","0","0","0","0","0","1","1","1","0","0","0","0","0","0"]
    ],
    "player": {
        "position": [11,6],
        "health": 10,
        "money": 1800
    },
    "enemies": {
        "spawnPoints": [7,5],
        "types":[
            0,0,0,0,0,0,0,0,0,0,
            6,6,6,7,6,6,7,7,7,6,
            0,0,0,0,6,6,7,7,7,3,
            7,7,3,3,7,3,3,7,7,6,
            6,7,6,6,7,3,7,6,0,0,
            0,0,0,0,7,6,0,0,6,6,
            6,6,7,6,8,6,6,7,6,6,
            6,3,3,6,6,7,6,8,0,0,
            0,0,0,0,0,0,0,0,0,0,
            8,8,6,6,6,3,6,6,6,0,
            6,3,6,6,8,0,0,0,8,9,
            8,6,3,6,0,6,6,6,0,-1
        ],
        "paths":[[7, 5], [7, 3], [4, 3], [4, 7], [7, 7], [7, 9], [9, 9], [9, 4], [13, 4], [13, 6],[11,6]]
    },
    "obstacles": [
        {"type": "building1", "position": [6, 5]},
        {"type": "building1", "position": [5, 8]},
        {"type": "building1", "position": [10, 5]},
        {"type": "building2", "position": [10, 8]},
        {"type": "building2", "position": [11, 7]},
        {"type": "wall", "position": [2, 6]},
        {"type":"wall", "position":[14, 8]},
        {"type":"wall", "position":[15, 4]},
        {"type":"wall", "position":[9, 2]},
        {"type":"bellBuilding","position":[8,7]}
    ]
}